gene_id,baseMean,log2FoldChange,lfcSE,pvalue,padj
GeneA,205.8760849011801,1.594382917578605,0.09519664801924718,1.238925588118282e-63,9.911404704946256e-63
GeneB,250.1882573633408,0.013769174233594517,0.07394131948946528,0.8517381103084798,0.9557597071594343
GeneC,398.660920541719,-0.017190047600809374,0.05874200943595587,0.7683412115553707,0.9557597071594343
GeneD,114.95545546136303,1.826971319756767,0.13311792222099222,1.4893217655829997e-43,5.957287062331999e-43
GeneE,801.5219428794572,-0.0023869439589052424,0.04152547078954562,0.9557597071594343,0.9557597071594343
GeneF,121.80994908293165,-0.08176094856444778,0.10523893076250303,0.42960998600151423,0.9557597071594343
GeneG,300.0473202745505,-0.02421217274922123,0.0676214660543501,0.7180587873185198,0.9557597071594343
GeneH,92.73990361466834,-0.07470676762635504,0.12001284290972655,0.5240840501052008,0.9557597071594343
