ID,NES,p.adjust
HALLMARK_ADIPOGENESIS,1.8786032127757937,3.071210838424193e-5
